Workbook

Sheet Sheet1
B1: Measurement Sheet
A3: Sr.No. | B3: Description | C3: No. | D3: L | E3: B | F3: H | G3: Unit | H3: Quantity
A5: A | B5: SALES OFFICE
A6: 1 | B6: Window Granite Frame
B7: For Pantry | C7: 2 | D7: 1.8 | G7: R.mtr | H7: =C7*D7 -> 3.6
C8: 2 | D8: 1.9 | G8: R.mtr | H8: =C8*D8 -> 3.8
C9: 2 | D9: 3.2 | G9: R.mtr | H9: =C9*D9 -> 6.4
C10: 2 | D10: 2.3 | G10: R.mtr | H10: =C10*D10 -> 4.6
B11: CEO 2 | C11: 2 | D11: 2.63 | G11: R.mtr | H11: =C11*D11 -> 5.26
C12: 2 | D12: 2.4 | G12: R.mtr | H12: =C12*D12 -> 4.8
B13: Acount department | C13: 2 | D13: 2.34 | G13: R.mtr | H13: =C13*D13 -> 4.68
C14: 2 | D14: 2.35 | G14: R.mtr | H14: =C14*D14 -> 4.7
B15: CEO 1 | C15: 2 | D15: 2.3 | G15: R.mtr | H15: =C15*D15 -> 4.6
C16: 2 | D16: 1.52 | G16: R.mtr | H16: =C16*D16 -> 3.04
B17: Rest room | C17: 2 | D17: 2.35 | G17: R.mtr | H17: =C17*D17 -> 4.7
C18: 2 | D18: 1.6 | G18: R.mtr | H18: =C18*D18 -> 3.2
C19: 2 | D19: 1.34 | G19: R.mtr | H19: =C19*D19 -> 2.68
C20: 2 | D20: 2.35 | G20: R.mtr | H20: =C20*D20 -> 4.7
B21: Toilet Ventilators | C21: 3 | D21: 0.88 | G21: R.mtr | H21: =C21*D21 -> 2.64
C22: 3 | D22: 0.59 | G22: R.mtr | H22: =C22*D22 -> 1.77
H23: =SUM(H7:H22) -> 65.17
G24: R.ft | H24: =H23*3.28 -> 213.7576
A26: 2 | B26: Door Granite Frame
B27: Toilet Door | C27: 3 | D27: 0.72 | G27: R.mtr | H27: =C27*D27 -> 2.16
C28: 6 | D28: 2.9 | G28: R.mtr | H28: =C28*D28 -> 17.4
B29: Porch | C29: 1 | D29: 1.5 | G29: R.mtr | H29: =C29*D29 -> 1.5
C30: 1 | D30: 1.525 | G30: R.mtr | H30: =C30*D30 -> 1.525
C31: 1 | D31: 4.33 | G31: R.mtr | H31: =C31*D31 -> 4.33
B32: CEO 2 Umbra patti | C32: 1 | D32: 1.2 | G32: R.mtr | H32: =C32*D32 -> 1.2
C33: 1 | D33: 0.9 | G33: R.mtr | H33: =C33*D33 -> 0.9
B34: CEO 1 Umbra patti | C34: 1 | D34: 1 | G34: R.mtr | H34: =C34*D34 -> 1
B35: Restroom | C35: 1 | D35: 0.9 | G35: R.mtr | H35: =C35*D35 -> 0.9
B36: Toilet Umbra patti | C36: 3 | D36: 0.65 | G36: R.mtr | H36: =C36*D36 -> 1.95
B37: A. V. room | C37: 1 | D37: 1.17 | G37: R.mtr | H37: =C37*D37 -> 1.17
H38: =SUM(H27:H37) -> 34.035
G39: R.ft | H39: =H38*3.28 -> 111.6348
A41: 3 | B41: Edge polish | C41: 1 | D41: =H23 -> 65.17 | G41: R.mtr | H41: =C41*D41 -> 65.17
C42: 1 | D42: =H38 -> 34.035 | G42: R.mtr | H42: =C42*D42 -> 34.035
H43: =SUM(H41:H42) -> 99.205
G44: R.ft | H44: =H43*3.28 -> 325.3924
A46: 4 | B46: Kitchen Platform | C46: 1 | D46: 2.48 | G46: R.mtr | H46: =C46*D46 -> 2.48
G47: R.ft | H47: =H46*3.28 -> 8.1344
A49: 5 | B49: Dado Tiling | C49: 1 | D49: 1.02 | E49: 0.8 | G49: Sq.mtr | H49: =C49*D49*E49 -> 0.816
B50: Kitchen Dado 600x600 | C50: 1 | D50: 0.93 | E50: 0.8 | G50: Sq.mtr | H50: =C50*D50*E50 -> 0.744
C51: 1 | D51: 0.2 | E51: 1.8 | G51: Sq.mtr | H51: =C51*D51*E51 -> 0.36
B52: Toilet passage 600x600 | C52: 1 | D52: 1.775 | E52: 0.8 | G52: Sq.mtr | H52: =C52*D52*E52 -> 1.42
B53: Toilet Dado 600x600 | C53: 2 | D53: 5.775 | E53: 2.865 | G53: Sq.mtr | H53: =C53*D53*E53 -> 33.09075
B54: Deduction | C54: 2 | D54: 0.6 | E54: 0.88 | G54: Sq.mtr | H54: =C54*D54*E54 -> 1.056
B55: Toilet Dado CEO 1 600x600 | C55: 1 | D55: 6.095 | E55: 2.78 | G55: Sq.mtr | H55: =C55*D55*E55 -> 16.9441
B56: Deduction | C56: 1 | D56: 0.88 | E56: 0.59 | G56: Sq.mtr | H56: =C56*D56*E56 -> 0.5192
H57: =H49+H50+H51+H52+H53-H54+H55-H56 -> 51.79965
G58: Sq.ft | H58: =H57*10.764 -> 557.57143
A59: 6 | B59: Toilet Flooring
B60: CEO 1 300x300 | C60: 1 | D60: 1.93 | E60: 1.46 | G60: Sq.mtr | H60: =C60*D60*E60 -> 2.8178
B61: Sales 300*300 | C61: 2 | D61: 2.08 | E61: 1.17 | G61: Sq.mtr | H61: =C61*D61*E61 -> 4.8672
H62: =SUM(H60:H61) -> 7.685
G63: Sq.ft | H63: =H62*10.764 -> 82.72134
A65: 7 | B65: Flooring
B66: Store room 800x800 | C66: 1 | D66: 3.89 | E66: 2.79 | G66: Sq.mtr | H66: =C66*D66*E66 -> 10.8531
B67: Kitchen 800x800 | C67: 1 | D67: 2.475 | E67: 1.64 | G67: Sq.mtr | H67: =C67*D67*E67 -> 4.059
B68: Dining 800x800 | C68: 1 | D68: 3.245 | E68: 2.65 | G68: Sq.mtr | H68: =C68*D68*E68 -> 8.59925
B69: Passage 800x800 | C69: 1 | D69: 2.765 | E69: 6.99 | G69: Sq.mtr | H69: =C69*D69*E69 -> 19.32735
B70: A. V. Room 800x800 | C70: 1 | D70: 6.17 | E70: 3.67 | G70: Sq.mtr | H70: =C70*D70*E70 -> 22.6439
B71: Sales Cabin 1 & 2 800x800 | C71: 1 | D71: 6 | E71: 2.635 | G71: Sq.mtr | H71: =C71*D71*E71 -> 15.81
B72: CEO cabin 2 800x800 | C72: 1 | D72: 4.8 | E72: 3.71 | G72: Sq.mtr | H72: =C72*D72*E72 -> 17.808
B73: Model room 800x800 | C73: 1 | D73: 11.725 | E73: =(3.91+3.935)/2 -> 3.9225 | G73: Sq.mtr | H73: =C73*D73*E73 -> 45.991312
B74: Account cabin & Sales cabin 3 800x800 | C74: 1 | D74: 3.33 | E74: 3.535 | G74: Sq.mtr | H74: =C74*D74*E74 -> 11.77155
C75: 1 | D75: 3.05 | E75: 4 | G75: Sq.mtr | H75: =C75*D75*E75 -> 12.2
B76: Toilet passage 800x800 | C76: 1 | D76: 2.69 | E76: 0.865 | G76: Sq.mtr | H76: =C76*D76*E76 -> 2.32685
B77: CEO cabin 1 800x800 | C77: 1 | D77: 5.175 | E77: 3.165 | G77: Sq.mtr | H77: =C77*D77*E77 -> 16.378875
B78: Deduction | C78: -1 | D78: 0.12 | E78: 2.2 | G78: Sq.mtr | H78: =C78*D78*E78 -> -0.264
B79: Walldrop 800x800 | C79: 1 | D79: 1.5 | E79: 1.76 | G79: Sq.mtr | H79: =C79*D79*E79 -> 2.64
B80: Toilet passage 800x800 | C80: 1 | D80: 1.66 | E80: 0.87 | G80: Sq.mtr | H80: =C80*D80*E80 -> 1.4442
B81: Bedroom 800x800 | C81: 1 | D81: 3.08 | E81: 3 | G81: Sq.mtr | H81: =C81*D81*E81 -> 9.24
H82: =SUM(H66:H81) -> 200.82939
G83: Sq.ft | H83: =H82*10.764 -> 2161.7275
A85: 8 | B85: Skirting
B86: skirting 800x800 | C86: 1 | D86: =3.065+3.085+3+3.9+0.87+1.48+1.665+2.25+5.15+3.875+3+2.27+2.095+3.99+4.18+0.2+0.66+2.265+3.52+2.925+3.62+2.925+3.17+4.8+3.69+3.8+0.17+4.92+1.16+3.665+3.665+6.15+6.27+1.9+3.865+2.78+1.655+0.17+4.085+4.9+2.65+2.8+6.05+1.365+1.35 -> 135.02 | G86: R.mtr | H86: =C86*D86 -> 135.02
G87: R.ft | H87: =H86*3.28 -> 442.8656
A89: Sr.No. | B89: Description | C89: No. | D89: L | E89: B | F89: H | G89: Unit | H89: Quantity
A91: A | B91: SAMPLE FLAT
A92: 1 | B92: Window Granite Frame
B93: Common, Master 1 & Master 2 | C93: 6 | D93: 0.58 | G93: R.mtr | H93: =C93*D93 -> 3.48
C94: 6 | D94: 1.18 | G94: R.mtr | H94: =C94*D94 -> 7.08
B95: window sill- M.bedroom1 | C95: 1 | D95: 0.59 | G95: R.mtr | H95: =C95*D95 -> 0.59
B96: window sill- Terrace 1 | C96: 1 | D96: 3.015 | G96: R.mtr | H96: =C96*D96 -> 3.015
B97: window sill- Terrace 2 | C97: 1 | D97: 3.26 | G97: R.mtr | H97: =C97*D97 -> 3.26
B98: window sill- C. bedroom | C98: 1 | D98: 2.38 | G98: R.mtr | H98: =C98*D98 -> 2.38
B99: window sill- Kitchen | C99: 1 | D99: 2.19 | G99: R.mtr | H99: =C99*D99 -> 2.19
B100: window sill- H. Terrace | C100: 1 | D100: 3.375 | G100: R.mtr | H100: =C100*D100 -> 3.375
H101: =SUM(H93:H100) -> 25.37
G102: R.ft | H102: =H101*3.28 -> 83.2136
A104: 2 | B104: Door Granite Frame
B105: Toilet Door | C105: 3 | D105: 0.67 | G105: R.mtr | H105: =C105*D105 -> 2.01
C106: 6 | D106: 2.44 | G106: R.mtr | H106: =C106*D106 -> 14.64
H107: =SUM(H105:H106) -> 16.65
G108: R.ft | H108: =H107*3.28 -> 54.612
A110: 3 | B110: Edge polish | C110: 1 | D110: =H101 -> 25.37 | G110: R.mtr | H110: =C110*D110 -> 25.37
C111: 1 | D111: =H107 -> 16.65 | G111: R.mtr | H111: =C111*D111 -> 16.65
H112: =SUM(H110:H111) -> 42.02
...

Sheet Sheet2
A2: Summary Sheet
A4: Sr.No. | B4: Description of work | C4: Quantity | D4: Unit | E4: Rate | F4: Amount
A6: 1 | B6: =Sheet1!B6 -> Window Granite Frame | C6: =Sheet1!H24+Sheet1!H102 -> 296.9712 | D6: =Sheet1!G24 -> R.ft | E6: 60 | F6: =C6*E6 -> 17818.272
A7: 2 | B7: =Sheet1!B26 -> Door Granite Frame | C7: =Sheet1!H39+Sheet1!H108 -> 166.2468 | D7: =Sheet1!G39 -> R.ft | E7: 135 | F7: =C7*E7 -> 22443.318
A8: 3 | B8: Kitchen Vertical | C8: 3 | D8: Nos. | E8: 1200 | F8: =C8*E8 -> 3600
A9: 4 | B9: =Sheet1!B46 -> Kitchen Platform | C9: 34.7 | D9: =Sheet1!G47 -> R.ft | E9: 600 | F9: =C9*E9 -> 20820
A10: 5 | B10: Dado Tile 600x600 | C10: =Sheet1!H58 -> 557.57143 | D10: =Sheet1!G58 -> Sq.ft | E10: 32 | F10: =C10*E10 -> 17842.286
A11: 6 | B11: Dado Tile 600x1200 | C11: =Sheet1!H136 -> 564.94854 | D11: Sq.ft | E11: 32 | F11: =C11*E11 -> 18078.353
A12: 7 | B12: Toilet Flooring 600x1200 | C12: =Sheet1!H144 -> 99.217977 | D12: Sq.ft | E12: 30 | F12: =C12*E12 -> 2976.5393
A13: 8 | B13: Toilet Flooring 300x300 | C13: =Sheet1!H63 -> 82.72134 | D13: =Sheet1!G63 -> Sq.ft | E13: 25 | F13: =C13*E13 -> 2068.0335
A14: 9 | B14: Flooring 800x800 | C14: =Sheet1!H83 -> 2161.7275 | D14: =Sheet1!G83 -> Sq.ft | E14: 30 | F14: =C14*E14 -> 64851.826
A15: 10 | B15: Flooring 600x1200 | C15: =Sheet1!H167 -> 1014.6924 | D15: Sq.ft | E15: 30 | F15: =C15*E15 -> 30440.772
A16: 11 | B16: Skirting 800x800 | C16: =Sheet1!H87 -> 442.8656 | D16: =Sheet1!G87 -> R.ft | E16: 30 | F16: =C16*E16 -> 13285.968
A17: 12 | B17: Skirting 600x1200 | C17: =Sheet1!H180 -> 292.7892 | D17: R.ft | E17: 30 | F17: =C17*E17 -> 8783.676
A18: 13 | B18: Basin counter | C18: 7 | D18: No. | E18: 1200 | F18: =C18*E18 -> 8400
D19: Total Amount = | F19: =SUM(F6:F18) -> 231409.04
